{
    "loss": 0.36435458064079285,
    "accuracy": 0.9137930870056152
}